ing,div,
생김,0,
생들기름,0,
생땅콩,0,
생면,0,
생모짜렐라치즈,5,
생밤,0,
생선,3,
생선살,3,
생선육수,3,
생수,0,
생청국장,0,
생치즈,5,
생크림,5,
생표고버섯,0,
샤브육수용,0,
샤워크림,5,
샬롯,0,
서리태,0,
서서히,0,
석류,0,
석류거품,0,
석류과편,0,
석류원액,0,
석류주스,0,
석류즙,0,
석박지,0,v
석이버섯,0,
선택,0,
설탕,0,
설탕과,0,
설탕기호에따라,0,
설탕시럼,0,
설탕시럽,0,
세발나물,0,
셀러리,0,
소,0,
소개,0,
소고기,1,
소고기등심,1,
소고기를,1,
소고기우둔살,1,
소고기패티,1,
소금,0,
소금물,0,
소등심,1,
소라,3,
소라살,3,
소면,0,
소박이,0,
소불고기,1,
소스,0,
소스간장,0,
소스닭육수,2,
소스마요네즈,4,v
소스발사믹식초,0,
소스소개,0,
소스소개저나트륨,0,
소스와사비가루,0,
소스유자청,0,
소스파인주스,0,
소시지,1,
소안심살,1,
소야소스,0,
소장,0,
소재료,0,
소주,0,
속껍질,0,
속양파,0,
손질,0,
손질한,0,
송송,0,
쇠갈비,1,
쇠갈비살,1,
쇠고기,1,
쇠고기갈은것,1,
쇠고기갈을건,1,
쇠고기구이용,1,
쇠고기등심,1,
쇠고기밑간,0,
쇠고기밑간양념,0,
쇠고기볶음밥,0,
쇠고기사태,1,
쇠고기사태살,1,
쇠고기살코기,1,
쇠고기샄코기,1,
쇠고기안심,1,
쇠고기양념,0,
쇠고기양지,1,
쇠고기우둔살,1,
쇠고기육수,1,
쇠꼬리,1,
쇠우둔살,1,
쇠우둔살쌈,0,
수란,4,
수박,0,
수박껍질,0,
수삼,0,
수수,0,
수정과겔,0,
수제조미료,0,
수플레,0,
숙주,0,
숙주나물,0,
숙주오리볶음,0,
순두부,0,
순두부사과,0,
순무,0,
순무의,0,
순후추,0,
술,0,
슈가파우더,0,
슈거,0,
슈거파우더,0,
스위스,0,
스위트칠리,0,
스테비아,0,
스테이크,1,
스테이크반죽,0,
스테이크재료,0,
스트로베리,0,
스틱,0,
스파게티,0,
스파게티면,0,v
스팸,1,
스펀지케익,0,v
스폰지케익,0,v
슬라이스,0,
슬라이스아몬드,0,
슬라이스연어,3,
슬라이스치즈,5,
슬라이스햄,1,
시금치,0,
시금치가루,0,
시금치데친것,0,
시금치우유,0,
시나몬가루,0,
시래기,0,
시래기불린것,0,
시럽,0,
시레기,0,
식물성기름,0,
식빵,0,v
식용,0,
식용꽃,0,
식용류,0,
식용유,0,
식초,0,
식혜,0,
신선초,0,
실고추,0,
실곤약,0,
실치,3,
실파,0,
실파송송썬것,0,
쌀,0,
쌀가루,0,
쌀겨,0,
쌀국수,0,
쌀국수가는것,0,
쌀떡,0,
쌀뜨물,0,
쌀밥,0,
쌀식초,0,
쌀튀밥,0,
쌀파스타면,0,
쌈,0,
쌈다시마,0,
쌈무,0,
쌈장,0,
쌈장소스,0,
쌈채,0,
썬,0,
쑥,0,
쑥가루,0,
쑥갓,0,
씨겨자,0,
씨드,0,
씩,0,
아귀,3,
아귀찜양념,0,
아기치즈,5,
아롱사태,1,
아몬드,0,
아몬드가루,0,
아몬드슬라이스,0,
아보카도,0,
아보카도샐러드,0,
아보카도작은것,0,
아스파라거스,0,
아욱,0,
아이스크림,5,
안심,1,
안심살,1,
알감자,0,
알긴산,0,
알마늘,0,
알배추,0,
알비트,0,
알토란,0,
알파벳파스타,0,v
앞다리살,1,
애느타리버섯,0,
애플민트,0,
애호박,0,
액기스,0,
액젓,3,
앤다이브,0,
앤쵸비,3,
야채,0,
야채국물,0,
야채육수,0,
야채전병,0,
야콘,0,
약재,0,
얇게,0,
양념,0,
양념간장,0,
양념고추장,0,
양념된장,0,
양념장,0,
양념재료,0,
양념족발,1,
양배추,0,
양상추,0,
양송이,0,
양송이버섯,0,
양송이슬라이스,0,
양조간장,0,
양조식초,0,
양지,1,
양지육,1,
양파,0,
양파가루,0,
양파슬라이스,0,
양파작게자른것,0,
양파즙,0,
양파채썬것,0,
양파채친것,0,
어간장,3,
어린싹,0,
어린이치즈,5,
어린잎,0,
어린잎채소,0,
어린채소,0,
어묵,3,
어묵아스파라거스,0,
어슷,0,
얼갈이,0,
얼갈이배추,0,
얼린,0,
얼린포도알,0,
얼음,0,
에그누들,4,
에멘탈,5,
에벤탈치즈,5,
엔다이브,0,
연겨자,0,
연근,0,
연근배추샐러드,0,
연두,0,
연두부,0,
연두부소스,0,
연두부큰것,0,
연어,3,
연유,5,
열무김치,0,v
염장다시마,0,
염화칼슘,0,
엿기름,0,
영양밥,0,
영양부추,0,
영콘,0,
오가피,0,
오곡,0,
오곡밥,0,
오레가노,0,
오레가노마른것,0,
오레가노모른것,0,
오렌지,0,
오렌지소스,0,
오렌지주스,0,
오렌지즙,0,
오리고기,2,
오리엔탈소스,0,
오릴브오일,0,
오므라이스,0,
오미자,0,
오미자물,0,
오미자액,0,
오미자원액,0,
오미자청,0,
오색준비,0,
오색지라시,0,
오이,0,
오이고추,0,
오이무침,0,v
오이초절임소스,0,
오이피클,0,
오징어,3,
오징어먹물,3,
오징어살,3,
오징어채소말이,0,
오트밀,0,
옥수수,0,
옥수수가루,0,
옥수수가루플렌타가루,0,
옥수수알,0,
옥수수유,0,
옥수수전분,0,
옥수수콘,0,
옥수수통조림,0,
올ㄹ브오일,0,
올리,0,
올리고당,0,
올리브,0,
올리브마늘,0,
올리브오일,0,
올리브유,0,
올리브유엑스트라버전,0,
올방개묵,0,
와사미,0,
와사비,0,
와인,0,
와인두부,0,
와인소금,0,
완두콩,0,
완두콩드레싱,0,
완두콩알,0,
완숙,0,
완자,0,
요거트,5,
요거트파르페,0,
요거트파슬리소스,0,
요구르트,5,
요리당,0,
요리술,0,
요쿠르트소스,0,
우거지,0,
우동,0,
우동면,0,v
우둔,1,
우둔살,1,
우렁,3,
우렁이,3,
우리밀,0,
우리밀가루,0,
우리팜델리,1,
우린,0,
우무묵,0,
우뭇가사리,0,
우민찌,1,
우삼겹,1,
우스터소스,0,
우엉,0,
우유,5,
우유식빵,0,v
우육,1,
울금가루,0,
워터크레스,0,
월계수,0,
월계수잎,0,
월계수잎마른것,0,
유,0,
유기농,0,
유부,0,
유부견과류,0,
유산지,0,
유자,0,
유자꿀,0,
유자드레싱,0,
유자액,0,
유자청,0,
유자청간장소스,0,
육수,0,
율무,0,
으깬,0,
으깬두부,0,
은술,0,
은행,0,
이스트,0,
이탈리안시즈닝,0,
이태리시즈닝,0,
익은,0,
익힌겨자,0,
인삼,0,
인삼크러스트,0,
일본,0,
일본된장,0,
일식,0,
일식돈가스,0,
일식된장,0,
잎,0,
잎녹차,0,
잎채소,0,
자두,0,
자른미역,0,
자몽,0,
자몽소스,0,
자몽주수,0,
자색고구마,0,
자숙새우,3,
자장분말,0,
자청,0,
잔멸치,3,
잔새우살,3,
잡곡,0,
잡곡누룽지,0,
잡곡밥,0,
잡곡밥흑미,0,
잡곡복음밥,0,
잡곡산나물밥,0,
잡뼈,0,
잡채양념,0,
잣,0,
잣가루,0,
잣소스,0,
장,0,
장식,0,
장식용,0,
장식재료선택,0,
장어,3,
장조림,0,
재료,0,
재울,0,
저나트륨,0,
저나트륨간장소스,0,
저나트륨겨자간장소스,0,
저나트륨겨자소스,0,
저나트륨고추장소스,0,
저나트륨과일드레싱,0,
저나트륨내채소스,0,
저나트륨된장소스,0,
저나트륨발사믹소스,0,
저나트륨소금,0,
저나트륨양념장,0,
저나트륨조림소스,0,
저나트륨초간장소스,0,
저나트륨초고추장소스,0,
저나트륨칠리소스,0,
저나트륨파인애플소스,0,
저나트륨페스토소스,0,
저염,0,
저염간장,0,
저염간장양념,0,
저염고추장,0,
저염국간장,0,
저염된장,0,
저염리코타치즈,5,
저염배추김치,0,v
저염버터,5,
저염베이컨,1,
저염살라미,1,
저염소금,0,
저염스모크햄,1,
저염일식된장,0,
저염재래된장,0,
저염진간장,0,
저염치즈,5,
저염케첩,0,
저염토마토소스,0,
저염햄,1,
저지방우유,5,
적겨자,0,
적양배추,0,
적양파,0,
적장량,0,
적채,0,
적파프리카,0,
적포도주,0,
전,0,
전복,3,
전복살,3,
전복영양밥,0,
전분,0,
전분가루,0,
절일,0,
절임물,0,
절편,0,
젓갈,3,
정사각형,0,
정종,0,
정향,0,
젖은,0,
제비콩,0,
제빵개량제,0,
제육양념,0,
제철과일,0,
젤라틴,1,
젤리,0,v
조,0,
조개,3,
조개관자,3,
조개살,3,
조개찜,0,
조갯살,3,
조기,3,
조랭이,0,
조랭이떡,0,
조림소스,0,
조림양념,0,
조림장,0,
조미술,0,
조선무,0,
조선부추,0,
조청,0,
좁쌀,0,
주꾸미,3,
주니퍼베리,0,
주먹밥,0,
주스,0,
주재료,0,
주키니호박,0,
주황,0,
주황파프리카,0,
죽,0,
죽순,0,
죽순통조림,0,
죽염,0,
줄기토마토,0,
중력분,0,
중불에서,0,
중새우,3,
중화면,0,v
쥬키니호박,0,
즙,0,
증편,0,
지단,4,
지색,0,
지중해소스,0,
진간장,0,
진달래꽃,0,
진미채,3,
진피,0,
진한,0,
쪄진,0,
쪽갈비,1,
쪽파,0,
쭈꾸미,3,
찐,0,
찜,0,
찜갈비,1,
찜기,0,
찜소스,0,
차돌박이,1,
차이브,0,
찬밥,0,
찰보리,0,
찰어묵,3,
참기름,0,
참기름드래싱,0,
참깨,0,
참깨가루,0,
참깨드레싱,0,
참께,0,
참나물,0,
참느타리버섯,0,
참다래,0,
참마,0,
참외,0,
참전복,3,
참취,0,
참치,3,
참치밑간,0,
참치살,3,
참치양념,0,
참치캔,3,
참치통조림,3,
찹쌀,0,
찹쌀가루,0,
찹쌀떡,0,
찹쌀현미밥,0,
채,0,
채끝살,1,
채소국물,0,
채소두부,0,
채소볶음,0,
채소준비,0,
채소크로켓,0,
채썬,0,
채친것,0,
천도복숭아,0,
천사채,0,
천연다시다,0,
천연조미료,0,
천일염,0,
청,0,
청각,0,
청경재,0,
청경채,0,
청고주,0,
청고추,0,
청국장,0,
청국장가루,0,
청국장리조뜨,0,
청국장소스,0,
청국장쌈장,0,
청양고추,0,
청양고추버터,0,
청주,0,
청파프리카,0,
청포도,0,
청포묵,0,
청피망,0,
청홍고추,0,
체리,0,
체리토마토,0,
쳥양고추,0,
초간장,0,
초간장소스,0,
초고추장,0,
초대리,0,
초록,0,
초밥,0,
초콜릿,0,v
촛물,0,
춘권피,0,v
취나물,0,
취나물밥,0,
치자,0,
치자가루,0,
치자국수,0,
치즈,5,
치즈가루,5,
치즈슬라이스,5,
치커리,0,
치킨,2,
치킨스톡,2,
치킨양념소스,0,
치킨육수,2,
칠리소스,0,
칠리파우더,0,
카나페,0,
카놀라유,0,
카레가루,0,
카레소스,0,
카레오일,0,
카레조림,0,
카스테라,0,v
카스텔라,0,v
카스텔라가루,0,v
카엔패퍼,0,
카엔페퍼,0,
칵테일,0,
칵테일새우,3,
칵텔새우,3,
칼국수면,0,v
캐러멜시럽,0,
캐슈넛,0,
캔,0,
캔옥수수,0,
캔참치,3,
커리가루,0,
커피,0,
컬리플라워,0,
케이엔페퍼,0,
케이퍼,0,
케일,0,
케일소스,0,
케일이,0,
케찹,0,
케첩,0,
코다리,3,
코리앤더,0,
코리앤더씨,0,
코코넛,0,
코코넛가루,0,
코코넛밀크,0,
코코넛설탕,0,
코코넛슬라이스,0,
코코아파우더,0,
콜라비,0,
콜리플라워,0,
콩,0,
콩가루,0,
콩고기,0,
콩국물,0,
콩기름,0,
콩나물,0,
콩나물무침,0,
콩비지,0,
콩삶은,0,
쿠스쿠스,0,
쿠스쿠스샐러드,0,
쿠아카몰,0,
퀴노아,0,
큐민,0,
큐민씨,0,
큐민파우더,0,
크래커,0,v
크랜베리,0,
크렌베리,0,
크로와상,0,v
크루퉁,0,
크린베리,0,
크림,5,
크림소스,5,
크림치즈,5,
큰새우,3,
키엔페퍼,0,
키위,0,
키위샐러드,0,
키위소스,0,
키조개관자,3,
타가토스,0,
타바스코,0,
타비스코,0,
타임,0,
타임마른것,0,
탄산수,0,
탈지분유,5,
탕수소스,0,
토란,0,
토란대,0,
토마토,0,
토마토겉절이,0,
토마토고추장소스,0,
토마토로메스코,0,
토마토소스,0,
토마토케첩,0,
토마토케첩소스,0,
토마토콘소메,0,
토마토콩카세,0,
토마토페스트,0,
토마토페이스트,0,
토마토홀,0,
토마토홀캔,0,
토마토홍캔,0,
토막,0,
토스트한,0,
토핑,0,
톳,0,
톳나물,0,
통계피,0,
통깨,0,
통깨소스,0,
통도라지,0,
통마늘,0,
통삼겹,1,
통삼겹살,1,
통생강,0,
통아몬드,0,
통오징어,3,
통조림,0,
통조림단팥장식용,0,
통조림참치,3,
통조림콩,0,
통후추,0,
통후추부순것,0,
튀김,0,
튀김가루,0,
튀김기름,0,
튀김반죽,0,
튀김소스,0,
티백,0,
파,0,
파기름,0,
파래,0,
파래김,0,
파르메산,5,
파마산,5,
파마산가루,5,
파마산치즈,5,
파마산치즈가루,5,
파뿌리,0,
파스리가루,0,
파스타,0,
파스타면,0,v
파스타소스,0,
파슬리,0,
파슬리가루,0,
파슬리말린것,0,
파우더,0,
파이반죽,0,
파인애플,0,
파인애플주스,0,
파인애플즙,0,
파인애플통조림,0,
파채,0,
파프리카,0,
파프리카가루,0,
판,0,
판젤라틴,1,
팥,0,
팥소,0,
팥앙금,0,
패이스트리,0,
패주,3,
팬케이크,0,
팽이,0,
팽이버섯,0,
페스토,0,
페스트,0,
페이스트,0,
페투치네,0,
펜네,0,
펜넬파스타,0,
편마늘,0,
포도,0,
포도식초,0,
포도씨유,0,
포도주,0,
포도주스,0,
포두부,0,
포카치아빵,0,
폴렌타,0,
표고,0,
표고버섯,0,
표고버섯가루,0,
표고버섯마른것,0,
푸딩,0,
푸룬,0,
푸실리,0,
품은,0,
풋,0,
풋고추,0,
풋마늘,0,
풋사과,0,
퓨레,0,
플레인,0,
플레인요거트,5,
플레인요구르트,5,
피넷버터,5,
피망,0,
피망채친것,0,
피쉬소스,3,
피스타치오,0,
피시볼반죽,0,
피자소스,0,
피자치즈,5,
피클,0,
피클링스파이스,0,
피클소스,0,
하수오,0,
하얀된장,0,
하여,0,
한돈,1,
한천,0,
할라피뇨,0,
함초,0,
함초가루,0,
함초소금,0,
핫,0,
핫소스,0,
핫케이크가루,0,
해독주스,0,
해물육수,3,
해물채소장,0,
해바라기씨,0,
해삼불린것,3,
해선장,0,
해조류,0,
해초,0,
햄,1,
햇된장,0,
햇밀가루,0,
허니레몬그린티,0,
허니머스터드소스,0,v
허브,0,
허브버터,5,
허브소금,0,
허브식초,0,
허브오일드레싱,0,
허브크러스트,0,
허브타르타르드레싱,0,
헤이즐넛,0,
현미,0,
현미가루,0,
현미밥,0,
현미쌀,0,
현미유,0,
현미찹쌀,0,
현미튀밥,0,
현미휴,0,
호두,0,
호두살,0,
호두캐러멜,0,
호떡반죽,0,
호떡소,0,
호박,0,
호박가루,0,
호박고구마,0,
호박고구마스프,0,
호박씨,0,
호박잎,0,
호박찜,0,
호부추,0,
호상요구르트,5,
호이트와인,0,
혼다랑어가쓰오부시,3,
혼합견과,0,
혼합견과류,0,
홀그레인,0,v
홀그레인머스터,0,v
홀그레인머스터드,0,v
홀머스터드,0,v
홀스레디쉬,0,v
홀토마토,0,
홍,0,
홍고추,0,
홍고추마른것,0,
홍고추말린것,0,
홍고추챗건것,0,
홍두깨살,1,
홍삼진액,0,
홍시,0,
홍시드레싱,0,
홍초,0,
홍초간장소스,0,
홍초물,0,
홍토마토,0,
홍파프리카,0,
홍피망,0,
홍합,3,
홍합살,3,
홍합육수,3,
화이트,0,
화이트와인,0,
화이트와인식초,0,
화이트크림,5,
화지타,0,
황금팽이버섯,0,
황기,0,
황도,0,
황설탕,0,
황태,3,
황태머리,3,
황태채,3,
황태포,3,
황태해장국,3,
황파프리카,0,
효모,0,
후랑크소시지,1,
후르츠칵테일,0,
후추,0,
후추가루,0,
후춧가루,0,
훈재연어,3,
훈제연어,3,
훈제오리,2,
훈제오리가슴살,2,
휘핑크림,5,
흑두부,0,
흑마늘,0,
흑마늘액,0,
흑마늘진액,0,
흑미,0,
흑미밥,0,
흑설탕,0,
흑임자,0,
흑임자가루,0,
흑초,0,
흰,0,
흰깨,0,
흰로즈케일,0,
흰목이버섯,0,
흰살,0,
흰살생선,3,
흰색,0,
흰설탕,0,
흰쌀,0,
흰앙금,0,
흰추후,0,
흰후추,0,
흰후춧가루,0,
