ing,div
가는,0
가다랑어장국,3
가다랑어포,3
가래떡,0
가래떡면,0
가루,0
가루녹차,0
가슴살,0
가시오가피,0
가쓰오부시,3
가자미,3
가자미살,3
가지,0
가지동그랑땡,0
가지연근,0
가지파리지엔,0
가쯔오부시,3
가츠오부시,3
각,0
각각,0
각얼음,0
각종,0
간,0
간장,0
간장배즙,0
간장소스,0
간장양념장,0
간장요거트,0
간편,0
간편어간장,3
갈비,1
갈빗살,1
갈아줌,0
갈은,0
갈은것,0
갈치,3
갈치구이,0
감말랭이,0
감식초,0
감자,0
감자녹말가루,0
감자무스,0
감자전분,0
감초액,0
갑오징어,3
갓,0
강남콩,0
강낭콩,0
강력분,0
강황가루,0
강황쌀,0
개,0
개조개살,3
갠,0
갠것,0
거피녹두,0
거피들깨가루,0
거피한,0
건,0
건강그린,0
건강생각프랑크그릴,1
건강생각햄,1
건고추,0
건곤드레,0
건다시마,0
건당면,0
건대추,0
건도토리묵,0
건로즈마리,0
건멸치,3
건목이버섯,0
건미역,0
건바질,0
건새우,3
건오레가노,0
건오징어,3
건조,0
건조과일,0
건조다시마,0
건조미역,0
건조미역줄기,0
건조체리,0
건조토마토,0
건청양고추,0
건타임,0
건포도,0
건표고,0
건표고버섯,0
건홍고추,0
검은,0
검은깨,0
검은콩,0
검은콩두부,0
검은콩두유,0
검은콩튀밥,0
검정깨,0
검정깨묵,0
검정콩,0
것,0
겉절이,0
게맛살,3
게살,3
게살냉동,3
게피,0
겨울배추,0
겨자,0
겨자가루,0
겨자분말,0
겨자소스,0
겨자초장,0
견과류,0
결들임,0
곁들이,0
곁들이김치,0
곁들이야채,0
곁들이장,0
곁들이채소,0
곁들임,0
곁들임채소,0
계란,4
계란노른자,4
계피,0
계피가루,0
고구마,0
고구마무스,0
고구마순,0
고구마와,0
고구마죽,0
고구마칩,0
고구마커리,0
고구마튀김,0
고구마편,0
고기,1
고기양념,0
고기완자양념,0
고기재움장,0
고등어,3
고등어구이,0
고명,0
고사리,0
고사리양념,0
고수,0
고운,0
고운고춧가루,0
고추,0
고추가루,0
고추기름,0
고추냉이,0
고추자,0
고추장,0
고추장소스,0
고추장양념,0
고추장전,0
고추피클,0
고춧가루,0
곤드레나물,0
곤드레단호박크로켓,0
곤드레도우,0
곤약,0
곤약국수,0
곤약냉채,0
곤약미,0
곤약잡곡밥,0
골뱅이,3
골파,0
곰취,0
곰취쌈,0
곰피,0
곶감,0
과메기,3
과육,0
과일,0
과일조림,0
관자,3
관자구이,3
광어,3
구기자,0
구운,0
구운고등어,0
구운미니파프리카,0
구운채소,0
구울,0
구이,0
구이소스,0
국간장,0
국멸치,3
국물,0
국물용,0
국물재료,0
국수,0
국수반죽,0
굴,3
굴림만두,0
굴소스,3
굴영양쌈밥,0
굵게,0
굵은,0
굵은소금,0
귀리,0
귀리밥,0
귤,0
귤껍질,0
귤병,0
귤통조림,0
그라나파다노,5
그라놀라,0
그라탕,0
그릭요거트,5
그린,0
그린매쉬드포테이토,0
그린비타민,0
그린빈,0
그린빈스,0
그린올리브,0
그린치커리,0
그린커리,0
근대,0
근대소스,0
근대쌈밥,0
금태,3
기,0
기둥,0
기름,0
기타,0
기호에,0
김,0
김밥용,0
김장김치,0
김치,0
김치국물,0
김치떡갈비,0
김치조림,0
김치주머니,0
까나리액젓,3
까망베르치즈,5
깍두기,0
깐대파,0
깐들깨가루,0
깐마늘,0
깐밤,0
깐생강,0
깐실파,0
깐양파,0
깐연근,0
깐호두,0
깨,0
깨소금,0
깻잎,0
깻잎순,0
깻잎오일,0
깻잎장아찌,0
깻잎페스토,0
껍질,0
꼬막,3
꼬막살,3
꼬시래기,0
꼬치,0
꼬치용,0
꽁보리밥,0
꽁치,3
꽁치살,3
꽃,0
꽃게,3
꽈리고추,0
꿀,0
나무막대기,0
나물,0
나물준비,0
낙지,3
낙지다리,3
날개,0
날치알,3
날콩가루,0
낫토,0
낸,0
냉국,0
냉동고등어,3
냉동딸기,0
냉동참치,3
냉동홍시,0
냉스프,0
냉이,0
냉채소스,0
넉맥,0
넓적다리,0
넛맥,0
넛맥가루,0
노두유,0
노란,0
노란색,0
노란색파프리카,0
노란콩,0
노란파프리카,0
노랑,0
노랑파프리카,0
노루궁뎅이버섯,0
노른자,4
녹두묵,0
녹말,0
녹말가루,0
녹말물,0
녹인다,0
녹차,0
녹차가루,0
녹차소금,0
녹차티백,0
논우렁,3
누룽지,0
누룽지가루,0
느타리,0
느타리버섯,0
느타리벗서,0
다리,0
다슬기살,3
다시마,0
다시마국물,0
다시마롤,0
다시마물,0
다시마육수,0
다시멸치,3
다시물,0
다진,0
다진당근,0
다진대파,0
다진돼지고기,1
다진마늘,0
다진생강,0
다진소고기,1
다진쇠고기,1
다진애호박,0
다진양파,0
다진쪽파,0
다진청고추,0
다진파,0
다진홍고추,0
단감,0
단단한,0
단무지,0
단배추,0
단촛물,0
단호박,0
단호박가루,0
단호박무스,0
단호박작은것,0
단호박찰밥,0
단호박파리지엔,0
달각슴살,2
달걀,4
달걀노른자,4
달걀물,4
달걀지단,4
달걀흰자,4
달래,0
달래무침,0
달콤,0
닭,2
닭가슴살,2
닭가슴살롤,0
닭고기,2
닭고기가슴살,2
닭고기살,2
닭날개,2
닭다리,2
닭다리구이,0
닭다리살,2
닭밑간양념,0
닭봉,2
닭뼈,2
닭살,2
닭안심,2
닭안심살,2
닭육수,2
닭토막,2
당귀,0
당귀잎,0
당근,0
당근갈은것,0
당근조림,0
당근주스,0
당근채썬것,0
당근파리지엔,0
당근파스타,0
당근펀치,0
당근퓨레,0
당면,0
당면불린것,0
대구,3
대구구이,0
대구살,3
대나무꼬치,0
대두,0
대두유,0
대디쉬,0
대추,0
대추고,0
대파,0
대파뿌리,0
대파채,0
대파채썬것,0
대파채친것,0
대하,3
더덕,0
더덕생채,0
덧밀가루,0
데리야끼소스,0
데리야키소스,0
데미글라스,0
데미글라스소스,0
데쳐서,0
데친,0
데친꼬막살,3
데침,0
도라지,0
도미,3
도미살,3
도토리가루,0
도토리묵,0
돈,0
돈가스소스,0
돈나물,0
돈등심,1
돈민찌,1
돈육,1
돈육다짐육,1
돌나물,0
돌미나리,0
동량으로,0
동초,0
동치미,0
동치미국물,0
동태살,3
동태포,3
돼기고기,1
돼지,1
돼지갈비,1
돼지고기,1
돼지고기갈은것,1
돼지고기등심,1
돼지고기목살,1
돼지고기사태,1
돼지고기살코기,1
돼지등갈비,1
돼지등심,1
돼지머리,1
돼지목살,1
돼지사태,1
돼지호박,0
돼지호박갈은것,0
돼지호박파리지엔,0
된장,0
된장국,0
된장소스,0
된장양념,0
된장육수,0
된장크림,0
두,0
두가지,0
두릅,0
두릎,0
두반장,0
두부,0
두부강된장,0
두부구이,0
두부볶음,0
두부선,0
두부완자,0
두부작은것,0
두부장,0
두부적,0
두부크루통,0
두부타르타르,0
두부패티,0
두유,0
두유요거트,0
두절콩나물,0
뒤포리,3
드라이,0
드라이토마토,0
드래싱,0
드레싱,0
들기름,0
들깨,0
들깨가루,0
들깻가루,0
등갈비,1
등뼈,1
등심,1
등심얇게썬것,1
디존,0
디존머스타드,0
디종머스터드,0
디포리,3
딜,0
따뜻한,0
따뜻한물,0
딸기,0
딸기냉동,0
딸기잼,0
딸기쨈,0
땅콩,0
땅콩가루,0
땅콩기름,0
땅콩버터,5
땅콩잼,0
땅콩호박,0
때,0
떡,0
떡갈비,0
떡국,0
떡꼬치,0
떡볶이,0
떡볶이떡,0
떡볶이용,0
또는,0
또띠아,0
또띠아치,0
라디치오,0
라따뚜이,0
라면,0
라면스프,0
라비올리,0
라이스버거,0
라이스페이퍼,0
라이스페퍼,0
라임,0
라임제스트,0
라임주스,0
라즈베리,0
락교,0
래디쉬,0
래디시,0
레드,0
레드어니언,0
레드와인,0
레드와인소스,0
레드와인식초,0
레드치커리,0
레디쉬,0
레몬,0
레몬그라스,0
레몬껍질,0
레몬마요네즈,0
레몬소금,0
레몬소스,0
레몬요거트,0
레몬제스트,0
레몬주수,0
레몬주스,0
레몬쥬스,0
레몬즙,0
레몬폰즈,0
레몬허니,0
레시틴가루,0
레즈와즈,0
렌틸콩,0
로메인,0
로즈마리,0
로즈마리마,0
로즈마리마른것,0
루꼴라,0
루콜라,0
르네디종,0
리,0
리치캔,0
리코타치즈,5
마,0
마감자전,0
마고구마참치,0
마늘,0
마늘가루,0
마늘기름,0
마늘오일,0
마늘올리브유소스,0
마늘종,0
마늘즙,0
마늘쫑,0
마늘칩,0
마늘튀김,0
마른,0
마른것,0
마른고추,0
마른메밀국수,0
마른멸치,3
마른미역,0
마른미역줄기,0
마른새우,3
마른표고버섯,0
마리네이션,0
마스카르포네치즈,5
마스카포네치즈,5
마요네즈,4
마카다미아,0
막걸리,0
만가닥버섯,0
만두소,0
만두피,0
만든다,0
만송이버섯,0
말린,0
말린오미자,0
말이,0
맛간장,0
맛살,3
맛소금,0
맛술,0
맛장,0
망고,0
망고퓨레,0
맞게,0
맞출,0
매생이,0
매쉬포테이토,0
매실,0
매실고추장,0
매실농축액,0
매실불고기,0
매실생강,0
매실액,0
매실엑기스,0
매실원액,0
매실장아찌,0
매실즙,0
매실청,0
매운,0
매운고추소스,0
매운고춧가루,0
매운소스,0
맥주,0
머리와,0
머스타드,0
머스타드씨,0
머스터드,0
머스터드소스,0
머스터드조스,0
머스터즈,0
머위대,0
머윗대,0
먹물,3
먹물파스타,0
멍게살,3
메닐튀밥,0
메밀가루,0
메밀국수,0
메밀면,0
메밀묵,0
메이플시럽,0
메주콩,0
메추라기,2
메추리알,4
멕시코고추,0
멜론,0
멥쌀,0
멥쌀가루,0
면발,0
멸치,3
멸치가루,3
멸치간장,3
멸치견과류쌈장,0
멸치다시마국물,3
멸치다시마육수,3
멸치액적소스,3
멸치액젓,3
멸치육수,3
멸치젓갈,3
멸치중간것,3
명란젓,3
명이김치,0
명태,3
명태코다리,3
모과,0
모과원액,0
모시조개,3
모짜렐라,5
모짜렐라치즈,5
목살,1
목심,1
목이버섯,0
몸통,0
무,0
무가당,0
무말랭이,0
무순,0
무염,0
무염버터,5
무염치즈,5
무염피스타치오,0
무우,0
무장아찌,0
무조림,0
무첨가두유,0
무청,0
무청시래기,0
무초절임,0
무침양념,0
무파리지엔,0
무화과,0
무화과발사믹,0
묵,0
묵은지,0
문어,3
물,0
물김치,0
물김치국물,0
물녹말,0
물미역,0
물미지근한것,0
물밤,0
물엿,0
물오징어,3
물을,0
물전분,0
물파래,0
물필요량,0
미나리,0
미나리볶음고추장,0
미나리잎장식,0
미니,0
미니단호박,0
미니버섯,0
미니사과,0
미니새송이,0
미니새송이버섯,0
미니양배추,0
미니파프리카,0
미더덕,3
미림,0
미소,0
미소된장,0
미숫가루,0
미역,0
미역마른것,0
미역줄기,0
미트소스,1
미향,0
믹서에,0
민들레,0
민어,3
민트,0
민트잎,0
민트장식용,0
밀가루,0
밀가루박력분,0
밀가루반죽,0
밀가루빅백분,0
밀가루빅밴분,0
밀가루중력분,0
밀전병,0
밀크,0
밑,0
밑간,0
밑간양념,0
밑동,0
바게트,0
바나나,0
바나나식초,0
바닐라빈,0
바닐라시럽,0
바닐라아이스크림,5
바닐라에센스,0
바닐라향,0
바지락,3
바지락살,3
바질,0
바질가루,0
바질마른것,0
바질잎,0
바질페이소스,0
바케트,0
바케트빵,0
박력분,0
반죽,0
반죽양념,0
발,0
발사믹,0
발사믹드레싱,0
발사믹소스,0
발사믹식초,0
발사믹크레마,0
발사믹크림,0
발효겨자,0
밤,0
밤고구마,0
밤콩,0
밥,0
밥밑간,0
밥양념,0
밥패티,0
방울토마토,0
방웅토마토,0
배,0
배사과소스,0
배즙,0
배추,0
배추김치,0
배추김치말이,0
배추잎,0
배춧잎,0
배합초,0
백김치,0
백년초,0
백년초가루,0
백년초국수,0
백련초,0
백련초가루,0
백만송이버섯,0
백물엿,0
백미,0
백새우,3
백설탕,0
백앙금,0
백일송이,0
백일송이버섯,0
백일송이버섯볶음,0
백태,0
백합,3
백후추,0
버거,0
버거빵,0
버섯,0
버섯구이,0
버섯마늘소금,0
버섯볶음,0
버섯새우,3
버섯탕수,0
버터,5
베이비채소,0
베이스,0
베이컨,1
베이키드빈스,0
베이킹,0
베이킹소다,0
베이킹파우더,0
병아리콩,0
병어,3
보라로즈케일,0
보리,0
보리된장,0
보리새우,3
보리쌀,0
보릿가루,0
복분자,0
복분자가루,0
복분자소스,0
복숭아,0
볶은,0
볶은소금,0
볶은수수,0
볶은율무,0
볶은통깨,0
볶은현미,0
볶음간장,0
볶음고추장,0
볶음밥,0
볶음소스,0
볶음양념,0
볼,0
봄동,0
봉골레,0
부순,0
부재료,0
부채살,1
부추,0
부추무채두부,0
부추양념장,0
부츠,0
부침가루,0
북어,3
북어머리,3
북어채,3
북엇국,0
분,0
분홍,0
불고기,0
불고기용,0
불린,0
불린미역,0
불린쌀,0
불릴,0
붉은,0
붉은고추,0
붉은양파,0
붉은팥,0
붉은피망,0
브러컬리,0
브로컬리,0
브로콜리,0
브로콜리컬리플라워,0
브리또,0
브릴레,0
브유,0
블랙올리브,0
블랙초콜릿,0
블루베리,0
블루베리소스,0
블루베리잼,0
블루베리퓨레,0
비네그레트,0
비름나물,0
비빔고추장,0
비빔밥,0
비빔소스,0
비빔장,0
비지,0
비타민,0
비트,0
비트양념,0
비트절인물,0
비트절임,0
비트절임소스,0
비트졸임,0
빠금장,0
빠금장소스,0
빨간,0
빨간파프리카,0
빨강,0
빨강파프리카,0
빵,0
빵가루,0
뼈,0
뼈갈비,1
뽕잎가루,0
뽕잎국수,0
뿌리채소조림,0
사골육수,1
사과,0
사과드레싱,0
사과레몬,0
사과식초,0
사과오렌지,0
사과작은것,0
사과주스,0
사과쥬스,0
사과즙,0
사믹식초,0
사방,0
사용,0
사워크림,5
사이다,0
사탕절편,0
사태,1
산딸기,0
산마,0
산마드래싱,0
산마떡갈비,0
산적,0
살,0
살사,0
살생선,3
살치살,1
살코기,0
삶기,0
삶는,0
삶은,0
삶은것,0
삶은달걀,4
삼결살롤,0
삼겹살,1
삼색더덕,0
삼색매작과,0
삼색분말,0
삼색파프리카,0
삼치,3
상추,0
새뱅이,3
새송이,0
새송이버섯,0
새송이벗서,0
새싹,0
새싹채소,0
새알심,0
새우,3
새우가루,3
새우두부계란찜,0
새우볶음밥,0
새우살,3
새우소금,0
새우작은것,3
새우젓,3
새우젓국,3
새우젓국물,3
새우탬벨,3
새콤,0
새콤달콤,0
색,0
샐러드,0
샐러드드레싱,0
샐러드소스,0
샐러드용야채,0
샐러드채소,0
샐러리,0
샐러리잎,0
생,0
생각,0
생강,0
생강가루,0
생강갈은것,0
생강즙,0
생강청,0
생김,0
생들기름,0
생땅콩,0
생면,0
생모짜렐라치즈,5
생밤,0
생선,3
생선살,3
생선육수,3
생수,0
생청국장,0
생치즈,5
생크림,5
생표고버섯,0
샤브육수용,0
샤워크림,5
샬롯,0
서리태,0
서서히,0
석류,0
석류거품,0
석류과편,0
석류원액,0
석류주스,0
석류즙,0
석박지,0
석이버섯,0
선택,0
설탕,0
설탕과,0
설탕기호에따라,0
설탕시럼,0
설탕시럽,0
세발나물,0
셀러리,0
소,0
소개,0
소고기,1
소고기등심,1
소고기를,1
소고기우둔살,1
소고기패티,1
소금,0
소금물,0
소등심,1
소라,3
소라살,3
소면,0
소박이,0
소불고기,1
소스,0
소스간장,0
소스닭육수,2
소스마요네즈,4
소스발사믹식초,0
소스소개,0
소스소개저나트륨,0
소스와사비가루,0
소스유자청,0
소스파인주스,0
소시지,1
소안심살,1
소야소스,0
소장,0
소재료,0
소주,0
속껍질,0
속양파,0
손질,0
손질한,0
송송,0
쇠갈비,1
쇠갈비살,1
쇠고기,1
쇠고기갈은것,1
쇠고기갈을건,1
쇠고기구이용,1
쇠고기등심,1
쇠고기밑간,0
쇠고기밑간양념,0
쇠고기볶음밥,0
쇠고기사태,1
쇠고기사태살,1
쇠고기살코기,1
쇠고기샄코기,1
쇠고기안심,1
쇠고기양념,0
쇠고기양지,1
쇠고기우둔살,1
쇠고기육수,1
쇠꼬리,1
쇠우둔살,1
쇠우둔살쌈,0
수란,4
수박,0
수박껍질,0
수삼,0
수수,0
수정과겔,0
수제조미료,0
수플레,0
숙주,0
숙주나물,0
숙주오리볶음,0
순두부,0
순두부사과,0
순무,0
순무의,0
순후추,0
술,0
슈가파우더,0
슈거,0
슈거파우더,0
스위스,0
스위트칠리,0
스테비아,0
스테이크,1
스테이크반죽,0
스테이크재료,0
스트로베리,0
스틱,0
스파게티,0
스파게티면,0
스팸,1
스펀지케익,0
스폰지케익,0
슬라이스,0
슬라이스아몬드,0
슬라이스연어,3
슬라이스치즈,5
슬라이스햄,1
시금치,0
시금치가루,0
시금치데친것,0
시금치우유,0
시나몬가루,0
시래기,0
시래기불린것,0
시럽,0
시레기,0
식물성기름,0
식빵,0
식용,0
식용꽃,0
식용류,0
식용유,0
식초,0
식혜,0
신선초,0
실고추,0
실곤약,0
실치,3
실파,0
실파송송썬것,0
쌀,0
쌀가루,0
쌀겨,0
쌀국수,0
쌀국수가는것,0
쌀떡,0
쌀뜨물,0
쌀밥,0
쌀식초,0
쌀튀밥,0
쌀파스타면,0
쌈,0
쌈다시마,0
쌈무,0
쌈장,0
쌈장소스,0
쌈채,0
썬,0
쑥,0
쑥가루,0
쑥갓,0
씨겨자,0
씨드,0
씩,0
아귀,3
아귀찜양념,0
아기치즈,5
아롱사태,1
아몬드,0
아몬드가루,0
아몬드슬라이스,0
아보카도,0
아보카도샐러드,0
아보카도작은것,0
아스파라거스,0
아욱,0
아이스크림,5
안심,1
안심살,1
알감자,0
알긴산,0
알마늘,0
알배추,0
알비트,0
알토란,0
알파벳파스타,0
앞다리살,1
애느타리버섯,0
애플민트,0
애호박,0
액기스,0
액젓,3
앤다이브,0
앤쵸비,3
야채,0
야채국물,0
야채육수,0
야채전병,0
야콘,0
약재,0
얇게,0
양념,0
양념간장,0
양념고추장,0
양념된장,0
양념장,0
양념재료,0
양념족발,1
양배추,0
양상추,0
양송이,0
양송이버섯,0
양송이슬라이스,0
양조간장,0
양조식초,0
양지,1
양지육,1
양파,0
양파가루,0
양파슬라이스,0
양파작게자른것,0
양파즙,0
양파채썬것,0
양파채친것,0
어간장,3
어린싹,0
어린이치즈,5
어린잎,0
어린잎채소,0
어린채소,0
어묵,3
어묵아스파라거스,0
어슷,0
얼갈이,0
얼갈이배추,0
얼린,0
얼린포도알,0
얼음,0
에그누들,4
에멘탈,5
에벤탈치즈,5
엔다이브,0
연겨자,0
연근,0
연근배추샐러드,0
연두,0
연두부,0
연두부소스,0
연두부큰것,0
연어,3
연유,5
열무김치,0
염장다시마,0
염화칼슘,0
엿기름,0
영양밥,0
영양부추,0
영콘,0
오가피,0
오곡,0
오곡밥,0
오레가노,0
오레가노마른것,0
오레가노모른것,0
오렌지,0
오렌지소스,0
오렌지주스,0
오렌지즙,0
오리고기,2
오리엔탈소스,0
오릴브오일,0
오므라이스,0
오미자,0
오미자물,0
오미자액,0
오미자원액,0
오미자청,0
오색준비,0
오색지라시,0
오이,0
오이고추,0
오이무침,0
오이초절임소스,0
오이피클,0
오징어,3
오징어먹물,3
오징어살,3
오징어채소말이,0
오트밀,0
옥수수,0
옥수수가루,0
옥수수가루플렌타가루,0
옥수수알,0
옥수수유,0
옥수수전분,0
옥수수콘,0
옥수수통조림,0
올ㄹ브오일,0
올리,0
올리고당,0
올리브,0
올리브마늘,0
올리브오일,0
올리브유,0
올리브유엑스트라버전,0
올방개묵,0
와사미,0
와사비,0
와인,0
와인두부,0
와인소금,0
완두콩,0
완두콩드레싱,0
완두콩알,0
완숙,0
완자,0
요거트,5
요거트파르페,0
요거트파슬리소스,0
요구르트,5
요리당,0
요리술,0
요쿠르트소스,0
우거지,0
우동,0
우동면,0
우둔,1
우둔살,1
우렁,3
우렁이,3
우리밀,0
우리밀가루,0
우리팜델리,1
우린,0
우무묵,0
우뭇가사리,0
우민찌,1
우삼겹,1
우스터소스,0
우엉,0
우유,5
우유식빵,0
우육,1
울금가루,0
워터크레스,0
월계수,0
월계수잎,0
월계수잎마른것,0
유,0
유기농,0
유부,0
유부견과류,0
유산지,0
유자,0
유자꿀,0
유자드레싱,0
유자액,0
유자청,0
유자청간장소스,0
육수,0
율무,0
으깬,0
으깬두부,0
은술,0
은행,0
이스트,0
이탈리안시즈닝,0
이태리시즈닝,0
익은,0
익힌겨자,0
인삼,0
인삼크러스트,0
일본,0
일본된장,0
일식,0
일식돈가스,0
일식된장,0
잎,0
잎녹차,0
잎채소,0
자두,0
자른미역,0
자몽,0
자몽소스,0
자몽주수,0
자색고구마,0
자숙새우,3
자장분말,0
자청,0
잔멸치,3
잔새우살,3
잡곡,0
잡곡누룽지,0
잡곡밥,0
잡곡밥흑미,0
잡곡복음밥,0
잡곡산나물밥,0
잡뼈,0
잡채양념,0
잣,0
잣가루,0
잣소스,0
장,0
장식,0
장식용,0
장식재료선택,0
장어,3
장조림,0
재료,0
재울,0
저나트륨,0
저나트륨간장소스,0
저나트륨겨자간장소스,0
저나트륨겨자소스,0
저나트륨고추장소스,0
저나트륨과일드레싱,0
저나트륨내채소스,0
저나트륨된장소스,0
저나트륨발사믹소스,0
저나트륨소금,0
저나트륨양념장,0
저나트륨조림소스,0
저나트륨초간장소스,0
저나트륨초고추장소스,0
저나트륨칠리소스,0
저나트륨파인애플소스,0
저나트륨페스토소스,0
저염,0
저염간장,0
저염간장양념,0
저염고추장,0
저염국간장,0
저염된장,0
저염리코타치즈,5
저염배추김치,0
저염버터,5
저염베이컨,1
저염살라미,1
저염소금,0
저염스모크햄,1
저염일식된장,0
저염재래된장,0
저염진간장,0
저염치즈,5
저염케첩,0
저염토마토소스,0
저염햄,1
저지방우유,5
적겨자,0
적양배추,0
적양파,0
적장량,0
적채,0
적파프리카,0
적포도주,0
전,0
전복,3
전복살,3
전복영양밥,0
전분,0
전분가루,0
절일,0
절임물,0
절편,0
젓갈,3
정사각형,0
정종,0
정향,0
젖은,0
제비콩,0
제빵개량제,0
제육양념,0
제철과일,0
젤라틴,1
젤리,0
조,0
조개,3
조개관자,3
조개살,3
조개찜,0
조갯살,3
조기,3
조랭이,0
조랭이떡,0
조림소스,0
조림양념,0
조림장,0
조미술,0
조선무,0
조선부추,0
조청,0
좁쌀,0
주꾸미,3
주니퍼베리,0
주먹밥,0
주스,0
주재료,0
주키니호박,0
주황,0
주황파프리카,0
죽,0
죽순,0
죽순통조림,0
죽염,0
줄기토마토,0
중력분,0
중불에서,0
중새우,3
중화면,0
쥬키니호박,0
즙,0
증편,0
지단,4
지색,0
지중해소스,0
진간장,0
진달래꽃,0
진미채,3
진피,0
진한,0
쪄진,0
쪽갈비,1
쪽파,0
쭈꾸미,3
찐,0
찜,0
찜갈비,1
찜기,0
찜소스,0
차돌박이,1
차이브,0
찬밥,0
찰보리,0
찰어묵,3
참기름,0
참기름드래싱,0
참깨,0
참깨가루,0
참깨드레싱,0
참께,0
참나물,0
참느타리버섯,0
참다래,0
참마,0
참외,0
참전복,3
참취,0
참치,3
참치밑간,0
참치살,3
참치양념,0
참치캔,3
참치통조림,3
찹쌀,0
찹쌀가루,0
찹쌀떡,0
찹쌀현미밥,0
채,0
채끝살,1
채소국물,0
채소두부,0
채소볶음,0
채소준비,0
채소크로켓,0
채썬,0
채친것,0
천도복숭아,0
천사채,0
천연다시다,0
천연조미료,0
천일염,0
청,0
청각,0
청경재,0
청경채,0
청고주,0
청고추,0
청국장,0
청국장가루,0
청국장리조뜨,0
청국장소스,0
청국장쌈장,0
청양고추,0
청양고추버터,0
청주,0
청파프리카,0
청포도,0
청포묵,0
청피망,0
청홍고추,0
체리,0
체리토마토,0
쳥양고추,0
초간장,0
초간장소스,0
초고추장,0
초대리,0
초록,0
초밥,0
초콜릿,0
촛물,0
춘권피,0
취나물,0
취나물밥,0
치자,0
치자가루,0
치자국수,0
치즈,5
치즈가루,5
치즈슬라이스,5
치커리,0
치킨,2
치킨스톡,2
치킨양념소스,0
치킨육수,2
칠리소스,0
칠리파우더,0
카나페,0
카놀라유,0
카레가루,0
카레소스,0
카레오일,0
카레조림,0
카스테라,0
카스텔라,0
카스텔라가루,0
카엔패퍼,0
카엔페퍼,0
칵테일,0
칵테일새우,3
칵텔새우,3
칼국수면,0
캐러멜시럽,0
캐슈넛,0
캔,0
캔옥수수,0
캔참치,3
커리가루,0
커피,0
컬리플라워,0
케이엔페퍼,0
케이퍼,0
케일,0
케일소스,0
케일이,0
케찹,0
케첩,0
코다리,3
코리앤더,0
코리앤더씨,0
코코넛,0
코코넛가루,0
코코넛밀크,0
코코넛설탕,0
코코넛슬라이스,0
코코아파우더,0
콜라비,0
콜리플라워,0
콩,0
콩가루,0
콩고기,0
콩국물,0
콩기름,0
콩나물,0
콩나물무침,0
콩비지,0
콩삶은,0
쿠스쿠스,0
쿠스쿠스샐러드,0
쿠아카몰,0
퀴노아,0
큐민,0
큐민씨,0
큐민파우더,0
크래커,0
크랜베리,0
크렌베리,0
크로와상,0
크루퉁,0
크린베리,0
크림,5
크림소스,5
크림치즈,5
큰새우,3
키엔페퍼,0
키위,0
키위샐러드,0
키위소스,0
키조개관자,3
타가토스,0
타바스코,0
타비스코,0
타임,0
타임마른것,0
탄산수,0
탈지분유,5
탕수소스,0
토란,0
토란대,0
토마토,0
토마토겉절이,0
토마토고추장소스,0
토마토로메스코,0
토마토소스,0
토마토케첩,0
토마토케첩소스,0
토마토콘소메,0
토마토콩카세,0
토마토페스트,0
토마토페이스트,0
토마토홀,0
토마토홀캔,0
토마토홍캔,0
토막,0
토스트한,0
토핑,0
톳,0
톳나물,0
통계피,0
통깨,0
통깨소스,0
통도라지,0
통마늘,0
통삼겹,1
통삼겹살,1
통생강,0
통아몬드,0
통오징어,3
통조림,0
통조림단팥장식용,0
통조림참치,3
통조림콩,0
통후추,0
통후추부순것,0
튀김,0
튀김가루,0
튀김기름,0
튀김반죽,0
튀김소스,0
티백,0
파,0
파기름,0
파래,0
파래김,0
파르메산,5
파마산,5
파마산가루,5
파마산치즈,5
파마산치즈가루,5
파뿌리,0
파스리가루,0
파스타,0
파스타면,0
파스타소스,0
파슬리,0
파슬리가루,0
파슬리말린것,0
파우더,0
파이반죽,0
파인애플,0
파인애플주스,0
파인애플즙,0
파인애플통조림,0
파채,0
파프리카,0
파프리카가루,0
판,0
판젤라틴,1
팥,0
팥소,0
팥앙금,0
패이스트리,0
패주,3
팬케이크,0
팽이,0
팽이버섯,0
페스토,0
페스트,0
페이스트,0
페투치네,0
펜네,0
펜넬파스타,0
편마늘,0
포도,0
포도식초,0
포도씨유,0
포도주,0
포도주스,0
포두부,0
포카치아빵,0
폴렌타,0
표고,0
표고버섯,0
표고버섯가루,0
표고버섯마른것,0
푸딩,0
푸룬,0
푸실리,0
품은,0
풋,0
풋고추,0
풋마늘,0
풋사과,0
퓨레,0
플레인,0
플레인요거트,5
플레인요구르트,5
피넷버터,5
피망,0
피망채친것,0
피쉬소스,3
피스타치오,0
피시볼반죽,0
피자소스,0
피자치즈,5
피클,0
피클링스파이스,0
피클소스,0
하수오,0
하얀된장,0
하여,0
한돈,1
한천,0
할라피뇨,0
함초,0
함초가루,0
함초소금,0
핫,0
핫소스,0
핫케이크가루,0
해독주스,0
해물육수,3
해물채소장,0
해바라기씨,0
해삼불린것,3
해선장,0
해조류,0
해초,0
햄,1
햇된장,0
햇밀가루,0
허니레몬그린티,0
허니머스터드소스,0
허브,0
허브버터,5
허브소금,0
허브식초,0
허브오일드레싱,0
허브크러스트,0
허브타르타르드레싱,0
헤이즐넛,0
현미,0
현미가루,0
현미밥,0
현미쌀,0
현미유,0
현미찹쌀,0
현미튀밥,0
현미휴,0
호두,0
호두살,0
호두캐러멜,0
호떡반죽,0
호떡소,0
호박,0
호박가루,0
호박고구마,0
호박고구마스프,0
호박씨,0
호박잎,0
호박찜,0
호부추,0
호상요구르트,5
호이트와인,0
혼다랑어가쓰오부시,3
혼합견과,0
혼합견과류,0
홀그레인,0
홀그레인머스터,0
홀그레인머스터드,0
홀머스터드,0
홀스레디쉬,0
홀토마토,0
홍,0
홍고추,0
홍고추마른것,0
홍고추말린것,0
홍고추챗건것,0
홍두깨살,1
홍삼진액,0
홍시,0
홍시드레싱,0
홍초,0
홍초간장소스,0
홍초물,0
홍토마토,0
홍파프리카,0
홍피망,0
홍합,3
홍합살,3
홍합육수,3
화이트,0
화이트와인,0
화이트와인식초,0
화이트크림,5
화지타,0
황금팽이버섯,0
황기,0
황도,0
황설탕,0
황태,3
황태머리,3
황태채,3
황태포,3
황태해장국,3
황파프리카,0
효모,0
후랑크소시지,1
후르츠칵테일,0
후추,0
후추가루,0
후춧가루,0
훈재연어,3
훈제연어,3
훈제오리,2
훈제오리가슴살,2
휘핑크림,5
흑두부,0
흑마늘,0
흑마늘액,0
흑마늘진액,0
흑미,0
흑미밥,0
흑설탕,0
흑임자,0
흑임자가루,0
흑초,0
흰,0
흰깨,0
흰로즈케일,0
흰목이버섯,0
흰살,0
흰살생선,3
흰색,0
흰설탕,0
흰쌀,0
흰앙금,0
흰추후,0
흰후추,0
흰후춧가루,0
